{
    "predict_acc_lang_assamese": 0.6866666666666666,
    "predict_acc_lang_bengali": 0.18,
    "predict_acc_lang_bodo": 0.4266666666666667,
    "predict_acc_lang_dogri": 0.08,
    "predict_acc_lang_gujarati": 0.23333333333333334,
    "predict_acc_lang_hindi": 0.0,
    "predict_acc_lang_kannada": 0.24666666666666667,
    "predict_acc_lang_kashmiri": 0.22666666666666666,
    "predict_acc_lang_konkani": 0.0,
    "predict_acc_lang_maithili": 0.05333333333333334,
    "predict_acc_lang_malayalam": 0.19333333333333333,
    "predict_acc_lang_manipuri": 0.30666666666666664,
    "predict_acc_lang_marathi": 0.34,
    "predict_acc_lang_nepali": 0.0,
    "predict_acc_lang_odia": 0.04666666666666667,
    "predict_acc_lang_punjabi": 0.3,
    "predict_acc_lang_sanskrit": 0.38666666666666666,
    "predict_acc_lang_santali": 0.3,
    "predict_acc_lang_sindhi": 0.09333333333333334,
    "predict_acc_lang_tamil": 0.24,
    "predict_acc_lang_telugu": 0.02,
    "predict_acc_lang_urdu": 0.47333333333333333,
    "predict_accuracy": 0.2196969696969697,
    "predict_loss": 2.7230379581451416,
    "predict_macro_f1": 0.18921704097279282,
    "predict_runtime": 403.4117,
    "predict_samples_per_second": 8.18,
    "predict_steps_per_second": 8.18
}