{
    "epoch": 3.0,
    "total_flos": 3.8198815734027674e+18,
    "train_loss": 9.513480635723612,
    "train_runtime": 25257.4108,
    "train_samples_per_second": 1.032,
    "train_steps_per_second": 0.258
}