{
    "predict_acc_lang_assamese": 0.9333333333333333,
    "predict_acc_lang_bengali": 0.35333333333333333,
    "predict_acc_lang_bodo": 0.4,
    "predict_acc_lang_dogri": 0.20666666666666667,
    "predict_acc_lang_gujarati": 0.7333333333333333,
    "predict_acc_lang_hindi": 0.06666666666666667,
    "predict_acc_lang_kannada": 0.5733333333333334,
    "predict_acc_lang_kashmiri": 0.6933333333333334,
    "predict_acc_lang_konkani": 0.0,
    "predict_acc_lang_maithili": 0.04,
    "predict_acc_lang_malayalam": 0.6733333333333333,
    "predict_acc_lang_manipuri": 0.8133333333333334,
    "predict_acc_lang_marathi": 0.68,
    "predict_acc_lang_nepali": 0.66,
    "predict_acc_lang_odia": 0.29333333333333333,
    "predict_acc_lang_punjabi": 0.7933333333333333,
    "predict_acc_lang_sanskrit": 0.76,
    "predict_acc_lang_santali": 0.30666666666666664,
    "predict_acc_lang_sindhi": 0.04,
    "predict_acc_lang_tamil": 0.76,
    "predict_acc_lang_telugu": 0.84,
    "predict_acc_lang_urdu": 0.6333333333333333,
    "predict_accuracy": 0.5115151515151515,
    "predict_loss": 2.2127318382263184,
    "predict_macro_f1": 0.4664204652148948,
    "predict_runtime": 304.7717,
    "predict_samples_per_second": 10.828,
    "predict_steps_per_second": 10.828
}