{
    "epoch": 3.0,
    "total_flos": 1.3051608147748577e+18,
    "train_loss": 9.287650290762908,
    "train_runtime": 21550.5411,
    "train_samples_per_second": 1.21,
    "train_steps_per_second": 0.302
}