{
    "epoch": 3.0,
    "eval_acc_lang_assamese": 0.8266666666666667,
    "eval_acc_lang_bengali": 0.24,
    "eval_acc_lang_bodo": 0.44666666666666666,
    "eval_acc_lang_dogri": 0.14,
    "eval_acc_lang_gujarati": 0.7,
    "eval_acc_lang_hindi": 0.02,
    "eval_acc_lang_kannada": 0.6666666666666666,
    "eval_acc_lang_kashmiri": 0.68,
    "eval_acc_lang_konkani": 0.0,
    "eval_acc_lang_maithili": 0.0,
    "eval_acc_lang_malayalam": 0.78,
    "eval_acc_lang_manipuri": 0.7133333333333334,
    "eval_acc_lang_marathi": 0.7266666666666667,
    "eval_acc_lang_nepali": 0.34,
    "eval_acc_lang_odia": 0.29333333333333333,
    "eval_acc_lang_punjabi": 0.7466666666666667,
    "eval_acc_lang_sanskrit": 0.7,
    "eval_acc_lang_santali": 0.06,
    "eval_acc_lang_sindhi": 0.03333333333333333,
    "eval_acc_lang_tamil": 0.7466666666666667,
    "eval_acc_lang_telugu": 0.7666666666666667,
    "eval_acc_lang_urdu": 0.66,
    "eval_accuracy": 0.4675757575757576,
    "eval_loss": 2.2854321002960205,
    "eval_macro_f1": 0.4141552254717174,
    "eval_runtime": 259.0719,
    "eval_samples_per_second": 12.738,
    "eval_steps_per_second": 12.738
}