{
    "epoch": 3.0,
    "total_flos": 1.144297139774882e+18,
    "train_loss": 9.351914290106174,
    "train_runtime": 14455.7538,
    "train_samples_per_second": 1.803,
    "train_steps_per_second": 0.451
}