{
    "epoch": 3.0,
    "eval_acc_lang_assamese": 0.88,
    "eval_acc_lang_bengali": 0.2866666666666667,
    "eval_acc_lang_bodo": 0.5266666666666666,
    "eval_acc_lang_dogri": 0.19333333333333333,
    "eval_acc_lang_gujarati": 0.7733333333333333,
    "eval_acc_lang_hindi": 0.03333333333333333,
    "eval_acc_lang_kannada": 0.6466666666666666,
    "eval_acc_lang_kashmiri": 0.7666666666666667,
    "eval_acc_lang_konkani": 0.0,
    "eval_acc_lang_maithili": 0.0,
    "eval_acc_lang_malayalam": 0.7866666666666666,
    "eval_acc_lang_manipuri": 0.8133333333333334,
    "eval_acc_lang_marathi": 0.6466666666666666,
    "eval_acc_lang_nepali": 0.6933333333333334,
    "eval_acc_lang_odia": 0.30666666666666664,
    "eval_acc_lang_punjabi": 0.88,
    "eval_acc_lang_sanskrit": 0.7666666666666667,
    "eval_acc_lang_santali": 0.22,
    "eval_acc_lang_sindhi": 0.03333333333333333,
    "eval_acc_lang_tamil": 0.8,
    "eval_acc_lang_telugu": 0.8466666666666667,
    "eval_acc_lang_urdu": 0.6933333333333334,
    "eval_accuracy": 0.526969696969697,
    "eval_loss": 2.162879228591919,
    "eval_macro_f1": 0.4748076409415872,
    "eval_runtime": 317.0011,
    "eval_samples_per_second": 10.41,
    "eval_steps_per_second": 10.41,
    "predict_acc_lang_assamese": 0.88,
    "predict_acc_lang_bengali": 0.2866666666666667,
    "predict_acc_lang_bodo": 0.5266666666666666,
    "predict_acc_lang_dogri": 0.19333333333333333,
    "predict_acc_lang_gujarati": 0.7733333333333333,
    "predict_acc_lang_hindi": 0.03333333333333333,
    "predict_acc_lang_kannada": 0.6466666666666666,
    "predict_acc_lang_kashmiri": 0.7666666666666667,
    "predict_acc_lang_konkani": 0.0,
    "predict_acc_lang_maithili": 0.0,
    "predict_acc_lang_malayalam": 0.7866666666666666,
    "predict_acc_lang_manipuri": 0.8133333333333334,
    "predict_acc_lang_marathi": 0.6466666666666666,
    "predict_acc_lang_nepali": 0.6933333333333334,
    "predict_acc_lang_odia": 0.30666666666666664,
    "predict_acc_lang_punjabi": 0.88,
    "predict_acc_lang_sanskrit": 0.7666666666666667,
    "predict_acc_lang_santali": 0.22,
    "predict_acc_lang_sindhi": 0.03333333333333333,
    "predict_acc_lang_tamil": 0.8,
    "predict_acc_lang_telugu": 0.8466666666666667,
    "predict_acc_lang_urdu": 0.6933333333333334,
    "predict_accuracy": 0.526969696969697,
    "predict_loss": 2.162879228591919,
    "predict_macro_f1": 0.4748076409415872,
    "predict_runtime": 313.5609,
    "predict_samples_per_second": 10.524,
    "predict_steps_per_second": 10.524,
    "total_flos": 1.3053072173852357e+18,
    "train_loss": 9.099448531587205,
    "train_runtime": 19822.3892,
    "train_samples_per_second": 1.315,
    "train_steps_per_second": 0.329
}