{
    "epoch": 3.0,
    "eval_acc_lang_assamese": 0.9066666666666666,
    "eval_acc_lang_bengali": 0.35333333333333333,
    "eval_acc_lang_bodo": 0.4666666666666667,
    "eval_acc_lang_dogri": 0.26,
    "eval_acc_lang_gujarati": 0.8066666666666666,
    "eval_acc_lang_hindi": 0.08,
    "eval_acc_lang_kannada": 0.54,
    "eval_acc_lang_kashmiri": 0.68,
    "eval_acc_lang_konkani": 0.22,
    "eval_acc_lang_maithili": 0.44666666666666666,
    "eval_acc_lang_malayalam": 0.7066666666666667,
    "eval_acc_lang_manipuri": 0.78,
    "eval_acc_lang_marathi": 0.6533333333333333,
    "eval_acc_lang_nepali": 0.28,
    "eval_acc_lang_odia": 0.38,
    "eval_acc_lang_punjabi": 0.6666666666666666,
    "eval_acc_lang_sanskrit": 0.82,
    "eval_acc_lang_santali": 0.5266666666666666,
    "eval_acc_lang_sindhi": 0.5,
    "eval_acc_lang_tamil": 0.76,
    "eval_acc_lang_telugu": 0.8533333333333334,
    "eval_acc_lang_urdu": 0.58,
    "eval_accuracy": 0.5575757575757576,
    "eval_loss": 1.8814845085144043,
    "eval_macro_f1": 0.5425585530223015,
    "eval_runtime": 322.3696,
    "eval_samples_per_second": 10.237,
    "eval_steps_per_second": 10.237
}