{
    "epoch": 3.0,
    "eval_acc_lang_assamese": 0.8733333333333333,
    "eval_acc_lang_bengali": 0.6533333333333333,
    "eval_acc_lang_bodo": 0.4666666666666667,
    "eval_acc_lang_dogri": 0.16666666666666666,
    "eval_acc_lang_gujarati": 0.6533333333333333,
    "eval_acc_lang_hindi": 0.06666666666666667,
    "eval_acc_lang_kannada": 0.49333333333333335,
    "eval_acc_lang_kashmiri": 0.74,
    "eval_acc_lang_konkani": 0.013333333333333334,
    "eval_acc_lang_maithili": 0.0,
    "eval_acc_lang_malayalam": 0.7133333333333334,
    "eval_acc_lang_manipuri": 0.8666666666666667,
    "eval_acc_lang_marathi": 0.6933333333333334,
    "eval_acc_lang_nepali": 0.74,
    "eval_acc_lang_odia": 0.07333333333333333,
    "eval_acc_lang_punjabi": 0.7,
    "eval_acc_lang_sanskrit": 0.82,
    "eval_acc_lang_santali": 0.22,
    "eval_acc_lang_sindhi": 0.37333333333333335,
    "eval_acc_lang_tamil": 0.82,
    "eval_acc_lang_telugu": 0.8133333333333334,
    "eval_acc_lang_urdu": 0.6533333333333333,
    "eval_accuracy": 0.5278787878787878,
    "eval_loss": 2.1384925842285156,
    "eval_macro_f1": 0.4827835297624169,
    "eval_runtime": 327.4034,
    "eval_samples_per_second": 10.079,
    "eval_steps_per_second": 10.079
}