{
    "epoch": 3.0,
    "eval_acc_lang_assamese": 0.013333333333333334,
    "eval_acc_lang_bengali": 0.013333333333333334,
    "eval_acc_lang_bodo": 0.0,
    "eval_acc_lang_dogri": 0.11333333333333333,
    "eval_acc_lang_gujarati": 0.06666666666666667,
    "eval_acc_lang_hindi": 0.0,
    "eval_acc_lang_kannada": 0.25333333333333335,
    "eval_acc_lang_kashmiri": 0.0,
    "eval_acc_lang_konkani": 0.0,
    "eval_acc_lang_maithili": 0.0,
    "eval_acc_lang_malayalam": 0.10666666666666667,
    "eval_acc_lang_manipuri": 0.0,
    "eval_acc_lang_marathi": 0.0,
    "eval_acc_lang_nepali": 0.0,
    "eval_acc_lang_odia": 0.0,
    "eval_acc_lang_punjabi": 0.6933333333333334,
    "eval_acc_lang_sanskrit": 0.0,
    "eval_acc_lang_santali": 0.5066666666666667,
    "eval_acc_lang_sindhi": 0.0,
    "eval_acc_lang_tamil": 0.0,
    "eval_acc_lang_telugu": 0.21333333333333335,
    "eval_acc_lang_urdu": 0.0,
    "eval_accuracy": 0.09,
    "eval_loss": 3.0645968914031982,
    "eval_macro_f1": 0.048555440175665314,
    "eval_runtime": 383.4458,
    "eval_samples_per_second": 8.606,
    "eval_steps_per_second": 8.606,
    "predict_acc_lang_assamese": 0.013333333333333334,
    "predict_acc_lang_bengali": 0.013333333333333334,
    "predict_acc_lang_bodo": 0.0,
    "predict_acc_lang_dogri": 0.11333333333333333,
    "predict_acc_lang_gujarati": 0.06666666666666667,
    "predict_acc_lang_hindi": 0.0,
    "predict_acc_lang_kannada": 0.25333333333333335,
    "predict_acc_lang_kashmiri": 0.0,
    "predict_acc_lang_konkani": 0.0,
    "predict_acc_lang_maithili": 0.0,
    "predict_acc_lang_malayalam": 0.10666666666666667,
    "predict_acc_lang_manipuri": 0.0,
    "predict_acc_lang_marathi": 0.0,
    "predict_acc_lang_nepali": 0.0,
    "predict_acc_lang_odia": 0.0,
    "predict_acc_lang_punjabi": 0.6933333333333334,
    "predict_acc_lang_sanskrit": 0.0,
    "predict_acc_lang_santali": 0.5066666666666667,
    "predict_acc_lang_sindhi": 0.0,
    "predict_acc_lang_tamil": 0.0,
    "predict_acc_lang_telugu": 0.21333333333333335,
    "predict_acc_lang_urdu": 0.0,
    "predict_accuracy": 0.09,
    "predict_loss": 3.0645968914031982,
    "predict_macro_f1": 0.048555440175665314,
    "predict_runtime": 381.927,
    "predict_samples_per_second": 8.64,
    "predict_steps_per_second": 8.64,
    "total_flos": 3.8198815734027674e+18,
    "train_loss": 10.754438624679722,
    "train_runtime": 24461.5579,
    "train_samples_per_second": 1.066,
    "train_steps_per_second": 0.266
}