{
    "epoch": 3.0,
    "eval_acc_lang_assamese": 0.8533333333333334,
    "eval_acc_lang_bengali": 0.41333333333333333,
    "eval_acc_lang_bodo": 0.5933333333333334,
    "eval_acc_lang_dogri": 0.15333333333333332,
    "eval_acc_lang_gujarati": 0.7933333333333333,
    "eval_acc_lang_hindi": 0.08,
    "eval_acc_lang_kannada": 0.6133333333333333,
    "eval_acc_lang_kashmiri": 0.7466666666666667,
    "eval_acc_lang_konkani": 0.0,
    "eval_acc_lang_maithili": 0.02666666666666667,
    "eval_acc_lang_malayalam": 0.8666666666666667,
    "eval_acc_lang_manipuri": 0.8466666666666667,
    "eval_acc_lang_marathi": 0.76,
    "eval_acc_lang_nepali": 0.6333333333333333,
    "eval_acc_lang_odia": 0.12,
    "eval_acc_lang_punjabi": 0.8533333333333334,
    "eval_acc_lang_sanskrit": 0.7933333333333333,
    "eval_acc_lang_santali": 0.26,
    "eval_acc_lang_sindhi": 0.05333333333333334,
    "eval_acc_lang_tamil": 0.86,
    "eval_acc_lang_telugu": 0.84,
    "eval_acc_lang_urdu": 0.6933333333333334,
    "eval_accuracy": 0.5387878787878788,
    "eval_loss": 2.150413990020752,
    "eval_macro_f1": 0.48676085136150926,
    "eval_runtime": 325.9687,
    "eval_samples_per_second": 10.124,
    "eval_steps_per_second": 10.124,
    "predict_acc_lang_assamese": 0.8533333333333334,
    "predict_acc_lang_bengali": 0.41333333333333333,
    "predict_acc_lang_bodo": 0.5933333333333334,
    "predict_acc_lang_dogri": 0.15333333333333332,
    "predict_acc_lang_gujarati": 0.7933333333333333,
    "predict_acc_lang_hindi": 0.08,
    "predict_acc_lang_kannada": 0.6133333333333333,
    "predict_acc_lang_kashmiri": 0.7466666666666667,
    "predict_acc_lang_konkani": 0.0,
    "predict_acc_lang_maithili": 0.02666666666666667,
    "predict_acc_lang_malayalam": 0.8666666666666667,
    "predict_acc_lang_manipuri": 0.8466666666666667,
    "predict_acc_lang_marathi": 0.76,
    "predict_acc_lang_nepali": 0.6333333333333333,
    "predict_acc_lang_odia": 0.12,
    "predict_acc_lang_punjabi": 0.8533333333333334,
    "predict_acc_lang_sanskrit": 0.7933333333333333,
    "predict_acc_lang_santali": 0.26,
    "predict_acc_lang_sindhi": 0.05333333333333334,
    "predict_acc_lang_tamil": 0.86,
    "predict_acc_lang_telugu": 0.84,
    "predict_acc_lang_urdu": 0.6933333333333334,
    "predict_accuracy": 0.5387878787878788,
    "predict_loss": 2.150413990020752,
    "predict_macro_f1": 0.48676085136150926,
    "predict_runtime": 317.4985,
    "predict_samples_per_second": 10.394,
    "predict_steps_per_second": 10.394,
    "total_flos": 1.305175274418032e+18,
    "train_loss": 9.148232366541702,
    "train_runtime": 23947.4789,
    "train_samples_per_second": 1.089,
    "train_steps_per_second": 0.272
}