{
    "epoch": 3.0,
    "total_flos": 1.305175274418032e+18,
    "train_loss": 9.148232366541702,
    "train_runtime": 23947.4789,
    "train_samples_per_second": 1.089,
    "train_steps_per_second": 0.272
}