{
    "predict_acc_lang_assamese": 0.9,
    "predict_acc_lang_bengali": 0.43333333333333335,
    "predict_acc_lang_bodo": 0.46,
    "predict_acc_lang_dogri": 0.17333333333333334,
    "predict_acc_lang_gujarati": 0.78,
    "predict_acc_lang_hindi": 0.02666666666666667,
    "predict_acc_lang_kannada": 0.5533333333333333,
    "predict_acc_lang_kashmiri": 0.74,
    "predict_acc_lang_konkani": 0.2,
    "predict_acc_lang_maithili": 0.5066666666666667,
    "predict_acc_lang_malayalam": 0.66,
    "predict_acc_lang_manipuri": 0.8666666666666667,
    "predict_acc_lang_marathi": 0.6533333333333333,
    "predict_acc_lang_nepali": 0.32,
    "predict_acc_lang_odia": 0.30666666666666664,
    "predict_acc_lang_punjabi": 0.6933333333333334,
    "predict_acc_lang_sanskrit": 0.7666666666666667,
    "predict_acc_lang_santali": 0.4533333333333333,
    "predict_acc_lang_sindhi": 0.4066666666666667,
    "predict_acc_lang_tamil": 0.6733333333333333,
    "predict_acc_lang_telugu": 0.8733333333333333,
    "predict_acc_lang_urdu": 0.66,
    "predict_accuracy": 0.5503030303030303,
    "predict_loss": 1.9360780715942383,
    "predict_macro_f1": 0.5298539649698297,
    "predict_runtime": 307.2205,
    "predict_samples_per_second": 10.741,
    "predict_steps_per_second": 10.741
}