{
    "epoch": 3.0,
    "eval_acc_lang_assamese": 0.8666666666666667,
    "eval_acc_lang_bengali": 0.43333333333333335,
    "eval_acc_lang_bodo": 0.4,
    "eval_acc_lang_dogri": 0.14666666666666667,
    "eval_acc_lang_gujarati": 0.7333333333333333,
    "eval_acc_lang_hindi": 0.14,
    "eval_acc_lang_kannada": 0.6066666666666667,
    "eval_acc_lang_kashmiri": 0.7066666666666667,
    "eval_acc_lang_konkani": 0.0,
    "eval_acc_lang_maithili": 0.10666666666666667,
    "eval_acc_lang_malayalam": 0.7733333333333333,
    "eval_acc_lang_manipuri": 0.8533333333333334,
    "eval_acc_lang_marathi": 0.6866666666666666,
    "eval_acc_lang_nepali": 0.22666666666666666,
    "eval_acc_lang_odia": 0.18666666666666668,
    "eval_acc_lang_punjabi": 0.82,
    "eval_acc_lang_sanskrit": 0.7466666666666667,
    "eval_acc_lang_santali": 0.3333333333333333,
    "eval_acc_lang_sindhi": 0.03333333333333333,
    "eval_acc_lang_tamil": 0.7733333333333333,
    "eval_acc_lang_telugu": 0.7333333333333333,
    "eval_acc_lang_urdu": 0.6466666666666666,
    "eval_accuracy": 0.49787878787878787,
    "eval_loss": 2.18837833404541,
    "eval_macro_f1": 0.45611608200145287,
    "eval_runtime": 322.4932,
    "eval_samples_per_second": 10.233,
    "eval_steps_per_second": 10.233,
    "predict_acc_lang_assamese": 0.8666666666666667,
    "predict_acc_lang_bengali": 0.43333333333333335,
    "predict_acc_lang_bodo": 0.4,
    "predict_acc_lang_dogri": 0.14666666666666667,
    "predict_acc_lang_gujarati": 0.7333333333333333,
    "predict_acc_lang_hindi": 0.14,
    "predict_acc_lang_kannada": 0.6066666666666667,
    "predict_acc_lang_kashmiri": 0.7066666666666667,
    "predict_acc_lang_konkani": 0.0,
    "predict_acc_lang_maithili": 0.10666666666666667,
    "predict_acc_lang_malayalam": 0.7733333333333333,
    "predict_acc_lang_manipuri": 0.8533333333333334,
    "predict_acc_lang_marathi": 0.6866666666666666,
    "predict_acc_lang_nepali": 0.22666666666666666,
    "predict_acc_lang_odia": 0.18666666666666668,
    "predict_acc_lang_punjabi": 0.82,
    "predict_acc_lang_sanskrit": 0.7466666666666667,
    "predict_acc_lang_santali": 0.3333333333333333,
    "predict_acc_lang_sindhi": 0.03333333333333333,
    "predict_acc_lang_tamil": 0.7733333333333333,
    "predict_acc_lang_telugu": 0.7333333333333333,
    "predict_acc_lang_urdu": 0.6466666666666666,
    "predict_accuracy": 0.49787878787878787,
    "predict_loss": 2.18837833404541,
    "predict_macro_f1": 0.45611608200145287,
    "predict_runtime": 318.7582,
    "predict_samples_per_second": 10.353,
    "predict_steps_per_second": 10.353,
    "total_flos": 1.305175274418032e+18,
    "train_loss": 9.183099655710786,
    "train_runtime": 33249.2202,
    "train_samples_per_second": 0.784,
    "train_steps_per_second": 0.196
}