{
    "epoch": 3.0,
    "eval_acc_lang_assamese": 0.86,
    "eval_acc_lang_bengali": 0.5,
    "eval_acc_lang_bodo": 0.47333333333333333,
    "eval_acc_lang_dogri": 0.14666666666666667,
    "eval_acc_lang_gujarati": 0.78,
    "eval_acc_lang_hindi": 0.06,
    "eval_acc_lang_kannada": 0.6866666666666666,
    "eval_acc_lang_kashmiri": 0.6466666666666666,
    "eval_acc_lang_konkani": 0.0,
    "eval_acc_lang_maithili": 0.013333333333333334,
    "eval_acc_lang_malayalam": 0.7066666666666667,
    "eval_acc_lang_manipuri": 0.8466666666666667,
    "eval_acc_lang_marathi": 0.7733333333333333,
    "eval_acc_lang_nepali": 0.8133333333333334,
    "eval_acc_lang_odia": 0.1,
    "eval_acc_lang_punjabi": 0.8733333333333333,
    "eval_acc_lang_sanskrit": 0.6666666666666666,
    "eval_acc_lang_santali": 0.28,
    "eval_acc_lang_sindhi": 0.14,
    "eval_acc_lang_tamil": 0.78,
    "eval_acc_lang_telugu": 0.8,
    "eval_acc_lang_urdu": 0.66,
    "eval_accuracy": 0.5275757575757576,
    "eval_loss": 2.145608901977539,
    "eval_macro_f1": 0.48168884332997275,
    "eval_runtime": 324.5758,
    "eval_samples_per_second": 10.167,
    "eval_steps_per_second": 10.167,
    "predict_acc_lang_assamese": 0.86,
    "predict_acc_lang_bengali": 0.5,
    "predict_acc_lang_bodo": 0.47333333333333333,
    "predict_acc_lang_dogri": 0.14666666666666667,
    "predict_acc_lang_gujarati": 0.78,
    "predict_acc_lang_hindi": 0.06,
    "predict_acc_lang_kannada": 0.6866666666666666,
    "predict_acc_lang_kashmiri": 0.6466666666666666,
    "predict_acc_lang_konkani": 0.0,
    "predict_acc_lang_maithili": 0.013333333333333334,
    "predict_acc_lang_malayalam": 0.7066666666666667,
    "predict_acc_lang_manipuri": 0.8466666666666667,
    "predict_acc_lang_marathi": 0.7733333333333333,
    "predict_acc_lang_nepali": 0.8133333333333334,
    "predict_acc_lang_odia": 0.1,
    "predict_acc_lang_punjabi": 0.8733333333333333,
    "predict_acc_lang_sanskrit": 0.6666666666666666,
    "predict_acc_lang_santali": 0.28,
    "predict_acc_lang_sindhi": 0.14,
    "predict_acc_lang_tamil": 0.78,
    "predict_acc_lang_telugu": 0.8,
    "predict_acc_lang_urdu": 0.66,
    "predict_accuracy": 0.5275757575757576,
    "predict_loss": 2.145608901977539,
    "predict_macro_f1": 0.48168884332997275,
    "predict_runtime": 328.7065,
    "predict_samples_per_second": 10.039,
    "predict_steps_per_second": 10.039,
    "total_flos": 1.3052395103699387e+18,
    "train_loss": 9.090877047856356,
    "train_runtime": 33033.7422,
    "train_samples_per_second": 0.789,
    "train_steps_per_second": 0.197
}